"word","phonetic","definition"
"ああ","ああ","Ah!, Oh!｜中文：啊、哦｜例句：ああ、きれいな花です。"
"会う","あう","to meet, to see｜中文：见面、相会｜例句：友達と公園で会います。"
"青","あお","blue｜中文：蓝色｜例句：青のペンを買いました。"
"青い","あおい","blue｜中文：蓝色的｜例句：空がとても青いです。"
"赤","あか","red｜中文：红色｜例句：赤のりんごが甘い。"
"赤い","あかい","red｜中文：红色的｜例句：りんごは赤いです。"
"明るい","あかるい","bright (in reference to personality or weather); cheerful｜中文：明亮、开朗｜例句：この部屋は明るいです。"
"秋","あき","fall (season)｜中文：秋天｜例句：秋に紅葉を見に行きます。"
"開く","あく","to open, to become open｜中文：（自动）开｜例句：ドアが自然に開く。"
"開ける","あける","to open (v.t.)｜中文：（他动）打开｜例句：窓を開けてください。"
"上げる","あげる","to raise, to lift｜中文：举起、抬高｜例句：手を上げてください。"
"朝","あさ","morning｜中文：早上｜例句：朝六時に起きます。"
"朝御飯","あさごはん","breakfast｜中文：早饭｜例句：毎日パンを朝御飯に食べます。"
"明後日","あさって","day after tomorrow｜中文：后天｜例句：明後日映画を見に行く。"
"足; 脚","あし","foot; leg｜中文：脚、腿｜例句：足が痛いです。"
"明日","あした","tomorrow｜中文：明天｜例句：明日学校へ行きます。"
"あそこ","あそこ","there, over there, that place｜中文：那边（远）｜例句：あそこに猫がいます。"
"遊ぶ","あそぶ","to play; to spend time pleasantly; to hang out｜中文：玩耍、游玩｜例句：公園で友達と遊びます。"
"暖かい","あたたかい","warm｜中文：温暖（天气/物品）｜例句：春は暖かいです。"
"頭","あたま","head｜中文：头｜例句：頭が痛いです。"
"新しい","あたらしい","new｜中文：新的｜例句：新しい鞄を買いました。"
"あちら","あちら","this way (polite)｜中文：那边（礼貌远指）｜例句：あちらへどうぞ。"
"暑い","あつい","hot (in reference to weather), warm｜中文：炎热（天气）｜例句：夏はとても暑い。"
"熱い","あつい","hot (objects)｜中文：烫手（物体）｜例句：お湯が熱いので気をつけて。"
"厚い","あつい","kind, warm(hearted), thick, deep｜中文：厚的、厚道｜例句：厚い本を読んでいます。"
"あっち","あっち","over there｜中文：那边（口语）｜例句：あっちに駅がある。"
"後","あと","afterwards (later); in the future; the rest; since then｜中文：之后、以后｜例句：ご飯の後散歩します。"
"あなた","あなた","you｜中文：你｜例句：あなたは学生ですか。"
"兄","あに","(my) older brother (humble)｜中文：（自谦）我哥哥｜例句：兄は会社員です。"
"姉","あね","(my) older sister (humble)｜中文：（自谦）我姐姐｜例句：姉は医者です。"
"アパート","アパート","apartment (abbr.)｜中文：公寓｜例句：アパートに住んでいます。"
"あの","あの","that over there; like that, that way; um...｜中文：那个（连体远指）｜例句：あの木は大きい。"
"浴びる","あびる","to bathe, to shower｜中文：沐浴、淋浴｜例句：毎晩お風呂を浴びます。"
"危ない","あぶない","dangerous, critical｜中文：危险的｜例句：ここは危ないので近づかないで。"
"甘い","あまい","generous, sweet｜中文：甜、宽松｜例句：この果物は甘い。"
"余り","あまり","not very; surplus｜中文：不太（接否定）、剩余｜例句：あまり肉を食べません。"
"雨","あめ","rain｜中文：雨｜例句：雨が降っています。"
"飴","あめ","(hard) candy｜中文：糖果｜例句：飴を子供にあげます。"
"洗う","あらう","to wash｜中文：清洗｜例句：服を洗います。"
"在る","ある","to be, to have｜中文：存在（无生命）｜例句：机に本が在る。"
"有る","ある","to be, to have｜中文：有（无生命）｜例句：冷蔵庫に牛乳が有る。"
"歩く","あるく","to walk｜中文：步行｜例句：毎朝公園を歩きます。"
"あれ","あれ","that one (over there)｜中文：那个（远指代词）｜例句：あれは山です。"
"いい; よい","いい; よい","good｜中文：好的｜例句：このカフェはいいです。"
"いいえ","いいえ","no, not at all｜中文：不、不是｜例句：いいえ、私は先生ではありません。"
"言う","いう","to say｜中文：说、讲｜例句：日本語で言います。"
"家","いえ","house, home｜中文：房子｜例句：私の家は小さい。"
"いかが","いかが","how, in what way｜中文：如何、怎么样｜例句：コーヒーはいかがですか。"
"行く","いく; ゆく","to go｜中文：去｜例句：学校へ行きます。"
"いくつ","いくつ","how many, how old｜中文：几个、几岁｜例句：りんごはいくつ買いますか。"
"いくら","いくら","how much, how many｜中文：多少钱｜例句：この鞄はいくらですか。"
"池","いけ","pond｜中文：池塘｜例句：公園に池がある。"
"医者","いしゃ","doctor; physician｜中文：医生｜例句：体調が悪いので医者に行く。"
"椅子","いす","chair｜中文：椅子｜例句：椅子に座ってください。"
"忙しい","いそがしい","busy (people, days)｜中文：忙碌的｜例句：毎日仕事で忙しい。"
"痛い","いたい","hurt; painful; sore｜中文：疼、痛｜例句：歯が痛いです。"
"一","いち","one｜中文：一｜例句：一冊の本を買いました。"
"一日","いちにち","one day (duration)｜中文：一整天｜例句：一日図書館で勉強した。"
"一番","いちばん","best (most), first, number one｜中文：第一、最｜例句：この店のケーキが一番美味しい。"
"いつ","いつ","when｜中文：什么时候｜例句：いつ日本へ行きますか。"
"五日","いつか","five days; fifth day of the month｜中文：五天、五号｜例句：五日に友達が来る。"
"一緒","いっしょ","together｜中文：一起｜例句：一緒に映画を見ましょう。"
"五つ","いつつ","five things｜中文：五个（物品）｜例句：りんごを五つください。"
"いつも","いつも","always, usually, every time, never (with neg. verb)｜中文：总是、平常｜例句：いつも七時に起きる。"
"犬","いぬ","dog｜中文：狗｜例句：庭に犬がいます。"
"今","いま","now｜中文：现在｜例句：今ご飯を食べています。"
"意味","いみ","meaning, significance｜中文：意思、含义｜例句：この言葉の意味は何ですか。"
"妹","いもうと","younger sister (humble)｜中文：（自谦）我妹妹｜例句：妹は小学生です。"
"嫌","いや","disagreeable, detestable, unpleasant｜中文：讨厌、不要｜例句：いや、そんなことしたくない。"
"入口","いりぐち","entrance｜中文：入口｜例句：建物の入口はこちらです。"
"居る","いる","(humble) to be (animate), to exist｜中文：（人/动物）在、有｜例句：部屋に子供が居る。"
"要る","いる","to need｜中文：需要｜例句：ペンが要りますか。"
"入れる","いれる","to put in｜中文：放入｜例句：本をカバンに入れる。"
"色","いろ","color｜中文：颜色｜例句：好きな色は何ですか。"
"色々","いろいろ","various｜中文：各种各样｜例句：色々な果物を買いました。"
"上","うえ","above (up, top, etc.), over, on top of｜中文：上面｜例句：机の上にノートがある。"
"後ろ","うしろ","back, behind, rear｜中文：后面｜例句：私の後ろに母が立っている。"
"薄い","うすい","thin, weak｜中文：薄、淡｜例句：薄い紙です。"
"歌","うた","a song｜中文：歌曲｜例句：好きな歌を歌います。"
"歌う","うたう","to sing｜中文：唱歌｜例句：カラオケで歌う。"
"うち","うち","home; house; my place｜中文：我家｜例句：うちで晩御飯を食べる。"
"生まれる","うまれる","to be born｜中文：出生｜例句：私は春に生まれました。"
"海","うみ","sea, beach｜中文：大海｜例句：夏に海へ行きたい。"
"売る","うる","to sell (v.t.)｜中文：售卖｜例句：野菜を売っています。"
"うるさい","うるさい","noisy; annoying｜中文：吵闹、烦人｜例句：隣の部屋がうるさい。"
"上着","うわぎ","coat, jacket｜中文：外套｜例句：寒いので上着を着る。"
"絵","え","a painting; a picture; a drawing｜中文：画、图画｜例句：きれいな絵を描いた。"
"映画","えいが","movie, film｜中文：电影｜例句：週末映画を見に行く。"
"映画館","えいがかん","movie theater, cinema｜中文：电影院｜例句：駅の近くに映画館がある。"
"英語","えいご","English (language)｜中文：英语｜例句：少し英語が話せます。"
"ええ","ええ","yes｜中文：嗯、是的｜例句：ええ、大丈夫です。"
"駅","えき","station｜中文：车站｜例句：電車の駅はどこですか。"
"エレベーター","エレベーター","elevator｜中文：电梯｜例句：エレベーターで三階へ行く。"
"～円","～えん","Yen｜中文：日元｜例句：これは五百円です。"
"鉛筆","えんぴつ","pencil｜中文：铅笔｜例句：鉛筆で名前を書く。"
"お～","お～","honorable ~ (honorific)｜中文：敬语前缀｜例句：お水をください。"
"美味しい","おいしい","delicious, tasty｜中文：好吃的｜例句：このラーメンは美味しい。"
"多い","おおい","many; there are a lot｜中文：多的｜例句：公園に人が多い。"
"大きい","おおきい","big, large｜中文：大的｜例句：大きい犬がいます。"
"大きな","おおきな","big｜中文：大的（连体）｜例句：大きな木の下に座る。"
"大勢","おおぜい","great number of people｜中文：大批（人）｜例句：大勢の観客が来た。"
"お母さん","おかあさん","mother (formal)｜中文：妈妈（敬称）｜例句：お母さんは料理が上手。"
"お菓子","おかし","confections, sweets, snack｜中文：点心、零食｜例句：お菓子を友達にあげる。"
"お金","おかね","money｜中文：钱｜例句：お金が足りません。"
"起きる","おきる","to get up (e.g., from sleeping); to happen｜中文：起床、发生｜例句：朝七時に起きる。"
"置く","おく","to put; to lay; to place｜中文：放置｜例句：鞄を椅子に置く。"
"奥さん","おくさん","(someone else's) wife (hon.)｜中文：别人的夫人｜例句：隣の奥さんは優しい。"
"お酒","おさけ","sake; alcohol｜中文：酒｜例句：晩ご飯の後お酒を飲む。"
"お皿","おさら","plate, dish｜中文：盘子｜例句：お皿にりんごを載せる。"
"伯父; 叔父さん","おじさん","uncle, middle-aged man｜中文：叔叔、伯父｜例句：おじさんは車を持っている。"
"おじいさん","おじいさん","grandfather, male senior citizen｜中文：爷爷、老爷爷｜例句：おじいさんは毎日散歩する。"
"教える","おしえる","to teach, to inform, to instruct｜中文：教、告知｜例句：日本語を教えてください。"
"押す","おす","to push, to press, to stamp (e.g., a passport)｜中文：推、按｜例句：ドアのボタンを押す。"
"遅い","おそい","slow; (to be) late｜中文：慢、迟到｜例句：バスが遅くなりました。"
"お茶","おちゃ","(green) tea｜中文：茶｜例句：お茶を一杯ください。"
"お手洗い","おてあらい","toilet, restroom, bathroom (lit., a place to wash one's hands)｜中文：洗手间｜例句：お手洗いはどちらですか。"
"お父さん","おとうさん","father (formal)｜中文：爸爸（敬称）｜例句：お父さんは毎日働く。"
"弟","おとうと","younger brother｜中文：弟弟｜例句：弟は中学一年生。"
"男","おとこ","man, male｜中文：男人、男性｜例句：あの男は先生です。"
"男の子","おとこのこ","boy｜中文：小男孩｜例句：公園に男の子が遊んでいる。"
"一昨日","おととい","the day before yesterday｜中文：前天｜例句：一昨日デパートへ行った。"
"おととし","おととし","year before last｜中文：前年｜例句：おととし日本へ行きました。"
"大人","おとな","adult｜中文：大人｜例句：大人は入場料が高い。"
"お腹","おなか","stomach｜中文：肚子｜例句：お腹が空いた。"
"同じ","おなじ","same, identical｜中文：相同的｜例句：私たちは同じクラスです。"
"お兄さん","おにいさん","(someone else's) older brother (formal)｜中文：别人的哥哥｜例句：隣のお兄さんは親切。"
"お姉さん","おねえさん","older sister (formal)｜中文：别人的姐姐｜例句：お姉さんは歌が上手。"
"伯母さん; 叔母さん","おばさん","aunt｜中文：阿姨、伯母｜例句：おばさんがケーキを持ってきた。"
"おばあさん","おばあさん","grandmother, female senior-citizen｜中文：奶奶、老奶奶｜例句：おばあさんは花を育てている。"
"お風呂","おふろ","a bath｜中文：泡澡、浴室｜例句：夜お風呂に入る。"
"お弁当","おべんとう","a boxed lunch｜中文：便当｜例句：遠足にお弁当を持っていく。"
"覚える","おぼえる","to learn, to commit to memory, to remember, to memorize｜中文：记住、背诵｜例句：単語を覚える。"
"おまわりさん","おまわりさん","policeman (friendly term)｜中文：警察（亲切叫法）｜例句：道を聞くためおまわりさんに話す。"
"重い","おもい","heavy; serious｜中文：重、沉重｜例句：この鞄はとても重い。"
"面白い","おもしろい","interesting, amusing｜中文：有趣、好玩｜例句：この本は面白いです。"
"泳ぐ","およぐ","to swim｜中文：游泳｜例句：夏にプールで泳ぐ。"
"降りる","おりる","to get off｜中文：下车、下来｜例句：次の駅で降ります。"
"終る","おわる","to finish, to close｜中文：结束、完结｜例句：授業は五時に終わる。"
"音楽","おんがく","Music｜中文：音乐｜例句：音楽を聴きながら勉強する。"
"女","おんな","woman, female｜中文：女人、女性｜例句：あの女は看護師です。"
"女の子","おんなのこ","girl｜中文：小女孩｜例句：女の子が花を持っている。"
"～回","～かい","counter for occurrences (~ times)｜中文：～次｜例句：一日三回薬を飲む。"
"～階","～かい","counter for stories (floors) of a building｜中文：～楼｜例句：三階に教室がある。"
"外国","がいこく","foreign country; abroad｜中文：外国｜例句：外国の食べ物を食べたい。"
"外国人","がいこくじん","foreigner｜中文：外国人｜例句：公園に外国人が多い。"
"会社","かいしゃ","company, corporation｜中文：公司｜例句：父は会社員です。"
"階段","かいだん","stairs｜中文：楼梯｜例句：階段を上って二階へ行く。"
"買い物","かいもの","shopping｜中文：购物｜例句：週末に買い物に行く。"
"買う","かう","to buy｜中文：购买｜例句：果物を買います。"
"返す","かえす","to return something｜中文：归还｜例句：本を図書館に返す。"
"帰る","かえる","to go back, to go home, to return｜中文：回家、返回｜例句：夕方六時に家に帰る。"
"顔","かお","face (body part)｜中文：脸｜例句：顔が赤いです。"
"かかる","かかる","it takes (amount of time, money) (v.i.)｜中文：花费（时间/金钱）｜例句：ここまで一時間かかる。"
"鍵","かぎ","a lock; a key｜中文：钥匙、锁｜例句：家の鍵を忘れた。"
"書く","かく","to write｜中文：书写｜例句：ノートに字を書く。"
"学生","がくせい","student｜中文：大学生｜例句：私は大学の学生です。"
"～か月","～かげつ","(number of) months｜中文：～个月｜例句：三か月日本に住んだ。"
"掛ける","かける","to put on (e.g., glasses); to hang (e.g., on a wall)｜中文：佩戴、悬挂｜例句：眼鏡を掛ける。"
"かける","かける","to dial/call (e.g., phone); to sit down｜中文：打电话、坐下｜例句：友達に電話をかける。"
"傘","かさ","umbrella, parasol｜中文：雨伞｜例句：雨なので傘を持っていく。"
"貸す","かす","to lend｜中文：借出｜例句：ペンを友達に貸す。"
"風","かぜ","wind, breeze｜中文：风｜例句：風が強いです。"
"風邪","かぜ","cold, flu｜中文：感冒｜例句：風邪をひいたので休む。"
"方","かた","-- honorific form for 人 (ひと) --; way of doing｜中文：位、方式｜例句：あちらの方は先生です。"
"家族","かぞく","family, members of a family｜中文：家人、家族｜例句：家族と旅行に行きます。"
"片仮名","かたかな","katakana｜中文：片假名｜例句：外来語は片仮名で書く。"
"～月","～がつ","month of year｜中文：～月｜例句：五月に休暇がある。"
"学校","がっこう","a school｜中文：学校｜例句：毎朝八時に学校へ行く。"
"カップ","カップ","cup｜中文：杯子｜例句：コーヒーカップを買った。"
"家庭","かてい","home; family｜中文：家庭｜例句：家庭で料理を作る。"
"角","かど","corner (e.g., desk, pavement)｜中文：角落、拐角｜例句：道の角に店がある。"
"かばん","かばん","bag, basket｜中文：包｜例句：鞄の中に本が入っている。"
"花瓶","かびん","(flower) vase｜中文：花瓶｜例句：花瓶に花を挿す。"
"かぶる","かぶる","to wear, to put on (e.g., a hat on the head)｜中文：戴（帽子）｜例句：夏に帽子をかぶる。"
"紙","かみ","paper｜中文：纸｜例句：紙に絵を描く。"
"カメラ","カメラ","camera｜中文：相机｜例句：旅行にカメラを持っていく。"
"火曜日","かようび","Tuesday｜中文：周二｜例句：火曜日に日本語の授業がある。"
"辛い","からい","hot and spicy; salty｜中文：辣、咸｜例句：このカレーは辛い。"
"体","からだ","body; health｜中文：身体｜例句：体に気をつけてください。"
"借りる","かりる","to borrow, to owe｜中文：借入｜例句：図書館から本を借りる。"
"～がる","～がる","feel｜中文：（第三人称）想要、感到｜例句：子供は遊びたがる。"
"軽い","かるい","light, non-serious, minor｜中文：轻、轻微｜例句：この鞄は軽い。"
"カレー","カレー","curry (abbr. for curry and rice)｜中文：咖喱饭｜例句：昼ご飯にカレーを食べる。"
"カレンダー","カレンダー","calendar｜中文：日历｜例句：カレンダーに予定を書く。"
"川; 河","かわ","river｜中文：河流｜例句：川の近くに公園がある。"
"～側","～がわ","~ side｜中文：～一侧｜例句：道の右側を歩く。"
"可愛い","かわいい","cute, adorable｜中文：可爱｜例句：この猫は可愛い。"
"漢字","かんじ","kanji; Chinese character｜中文：汉字｜例句：漢字の練習をする。"
"木","き","tree, wood, timber｜中文：树木、木头｜例句：公園に大きな木がある。"
"黄色","きいろ","yellow｜中文：黄色｜例句：黄色いバナナが甘い。"
"黄色い","きいろい","yellow｜中文：黄色的｜例句：太陽は黄色い。"
"消える","きえる","to vanish, to disappear｜中文：消失、熄灭｜例句：電気が消えた。"
"聞く","きく","to hear, to listen, to ask｜中文：听、询问｜例句：音楽を聞く。"
"北","きた","north｜中文：北｜例句：北へ行くと山がある。"
"ギター","ギター","guitar｜中文：吉他｜例句：ギターを弾くのが好き。"
"汚い","きたない","dirty, unclean, filthy｜中文：脏的｜例句：部屋が汚いので掃除する。"
"喫茶店","きっさてん","café｜中文：咖啡店｜例句：休日喫茶店で本を読む。"
"切手","きって","postal (postage) stamps｜中文：邮票｜例句：切手を買って手紙を出す。"
"切符","きっぷ","a ticket｜中文：车票、票｜例句：電車の切符を買う。"
"昨日","きのう","yesterday｜中文：昨天｜例句：昨日雨が降っていた。"
"九","きゅう","nine｜中文：九｜例句：九人のクラスメイトがいる。"
"牛肉","ぎゅうにく","beef｜中文：牛肉｜例句：牛肉のすき焼きを食べる。"
"牛乳","ぎゅうにゅう","milk｜中文：牛奶｜例句：毎朝牛乳を飲む。"
"今日","きょう","today, this day｜中文：今天｜例句：今日は日曜日です。"
"教室","きょうしつ","classroom｜中文：教室｜例句：教室で日本語を勉強する。"
"兄弟","きょうだい","siblings (humble), brothers and sisters｜中文：兄弟姐妹（自谦）｜例句：私には三人の兄弟がいる。"
"去年","きょねん","last year｜中文：去年｜例句：去年アメリカへ行った。"
"嫌い","きらい","dislike｜中文：讨厌｜例句：私は虫が嫌いです。"
"切る","きる","to cut; to hang up (a phone)｜中文：切割、挂断｜例句：ナイフでりんごを切る。"
"着る","きる","to put on (clothes above your waist); to wear｜中文：穿（上衣）｜例句：シャツを着る。"
"綺麗","きれい","pretty, clean, tidy｜中文：漂亮、干净｜例句：部屋を綺麗に掃除した。"
"キロ; キログラム","キロ; キログラム","(abbr.) kilo (kilogram)｜中文：千克｜例句：二キロの肉を買う。"
"キロ; キロメートル","キロ; キロメートル","(abbr.) kilo (kilometer)｜中文：千米｜例句：五キロ歩いた。"
"銀行","ぎんこう","bank｜中文：银行｜例句：銀行でお金を下ろす。"
"金曜日","きんようび","Friday｜中文：周五｜例句：金曜日に友達と遊ぶ。"
"九","く","nine｜中文：九｜例句：九時に授業が始まる。"
"薬","くすり","medicine｜中文：药｜例句：頭痛なので薬を飲む。"
"下さい","ください","(with te-form verb) please do for me｜中文：请给我、请做｜例句：水をください。"
"果物","くだもの","fruit｜中文：水果｜例句：毎日果物を食べる。"
"口","くち","mouth｜中文：嘴巴｜例句：口が乾いた。"
"靴","くつ","shoes, footwear｜中文：鞋子｜例句：新しい靴を買った。"
"靴下","くつした","socks｜中文：袜子｜例句：白い靴下を履く。"
"国","くに","country; place of origin｜中文：国家｜例句：私の国は中国です。"
"曇り","くもり","cloudiness, cloudy weather｜中文：阴天｜例句：今日は曇りです。"
"曇る","くもる","to become cloudy, to become dim｜中文：转阴、变暗｜例句：空が曇ってきた。"
"暗い","くらい","dark, gloomy｜中文：昏暗、阴沉｜例句：夜の道は暗い。"
"～くらい; ぐらい","～くらい; ぐらい","approximate (quantity)｜中文：大约、左右｜例句：一時間ぐらい待つ。"
"クラス","クラス","a class｜中文：班级｜例句：私のクラスは二十人。"
"グラム","グラム","gram｜中文：克｜例句：百グラムのチーズ。"
"来る","くる","to come｜中文：来｜例句：友達が家に来ます。"
"車","くるま","car, vehicle｜中文：汽车｜例句：車で駅まで行く。"
"黒","くろ","black｜中文：黑色｜例句：黒い鞄を持っている。"
"黒い","くろい","black; dark｜中文：黑色的｜例句：黒い服を着ている。"
"警官","けいかん","police officer｜中文：警察｜例句：道を聞くため警官に話す。"
"今朝","けさ","this morning｜中文：今早｜例句：今朝パンを食べた。"
"消す","けす","to erase, to delete, to turn off power｜中文：关掉、擦掉｜例句：電気を消してください。"
"結構","けっこう","splendid; enough, tolerably｜中文：不错、够了｜例句：結構美味しいです。"
"結婚","けっこん (する)","marriage (get married)｜中文：结婚｜例句：来年結婚します。"
"月曜日","げつようび","Monday｜中文：周一｜例句：月曜日は早く起きる。"
"玄関","げんかん","entrance (to a house or a building)｜中文：玄关｜例句：玄関で靴を脱ぐ。"
"元気","げんき","health(y), energetic｜中文：精神、健康｜例句：元気ですか。"
"～個","～こ","counter for small items (e.g., fruits, cups)｜中文：个（小件物品）｜例句：りんごを三個ください。"
"五","ご","five｜中文：五｜例句：五円の切手。"
"～語","～ご","word, language｜中文：语言｜例句：日本語を勉強する。"
"公園","こうえん","a park｜中文：公园｜例句：休日公園へ散歩に行く。"
"交差点","こうさてん","intersection｜中文：十字路口｜例句：交差点で待ち合わせる。"
"紅茶","こうちゃ","black tea｜中文：红茶｜例句：朝紅茶を飲む。"
"交番","こうばん","police box｜中文：派出所｜例句：近くの交番に行く。"
"声","こえ","voice｜中文：声音｜例句：声が大きいです。"
"コート","コート","coat; court (e.g., tennis)｜中文：大衣、球场｜例句：寒いのでコートを着る。"
"コーヒー","コーヒー","coffee｜中文：咖啡｜例句：朝コーヒーを一杯飲む。"
"ここ","ここ","here, this place｜中文：这里｜例句：ここは私の部屋です。"
"午後","ごご","afternoon, P.M.｜中文：下午｜例句：午後二時に授業がある。"
"九日","ここのか","nine days; ninth day of the month｜中文：九天、九号｜例句：九日に遠足がある。"
"九つ","ここのつ","nine things｜中文：九个｜例句：みかんを九つ買う。"
"午前","ごぜん","morning, A.M.｜中文：上午｜例句：午前中図書館にいる。"
"答える","こたえる","to answer, to reply｜中文：回答｜例句：質問に答える。"
"こちら","こちら","this person (polite); this way (polite)｜中文：这边、这位（礼貌）｜例句：こちらへどうぞ。"
"こっち","こっち","this person; this direction; this side｜中文：这边（口语）｜例句：こっちに来て。"
"コップ","コップ","a tumbler; a glass｜中文：玻璃杯｜例句：コップに水を入れる。"
"今年","ことし","this year｜中文：今年｜例句：今年夏海へ行きたい。"
"言葉","ことば","language; word(s); expression(s)｜中文：话语、词语｜例句：難しい言葉が分からない。"
"子供","こども","child(ren)｜中文：孩子｜例句：公園に子供がたくさんいる。"
"この","この","this｜中文：这个（连体近指）｜例句：この本は面白い。"
"御飯","ごはん","rice (cooked); meal｜中文：米饭、饭｜例句：晩御飯を食べました。"
"コピーする","コピーする","to copy｜中文：复印｜例句：ノートをコピーする。"
"困る","こまる","to be bothered, to have difficulty｜中文：为难、困扰｜例句：お金がなくて困る。"
"これ","これ","this one｜中文：这个（代词）｜例句：これは私のペンです。"
"～ころ; ～ごろ","～ころ; ～ごろ","about, toward, approximately (time)｜中文：大概（时间）｜例句：三時ごろ来る。"
"今月","こんげつ","this month｜中文：本月｜例句：今月旅行に行く。"
"今週","こんしゅう","this week｜中文：本周｜例句：今週末映画を見る。"
"こんな","こんな","such, like this｜中文：这样的｜例句：こんな可愛い猫が好き。"
"今晩","こんばん","tonight, this evening｜中文：今晚｜例句：今晩家で休む。"
"さあ","さあ","come now, well｜中文：来吧、那么｜例句：さあ、始めましょう。"
"～歳","～さい","~ years old｜中文：～岁｜例句：二十歳です。"
"財布","さいふ","wallet｜中文：钱包｜例句：財布を忘れた。"
"魚","さかな","fish｜中文：鱼｜例句：晩ご飯に魚を食べる。"
"先","さき","future; recent, previous｜中文：之前、前方｜例句：先に行って待って。"
"咲く","さく","to bloom｜中文：开花｜例句：春に桜が咲く。"
"作文","さくぶん","essay; composition｜中文：作文｜例句：日本語の作文を書く。"
"差す","さす","to raise (stretch out) hands, to raise (e.g., umbrella)｜中文：撑（伞）、举｜例句：雨なので傘を差す。"
"～冊","～さつ","counter for books｜中文：册（书本）｜例句：本を二冊買う。"
"雑誌","ざっし","magazine, journal｜中文：杂志｜例句：毎月雑誌を買う。"
"砂糖","さとう","sugar｜中文：砂糖｜例句：コーヒーに砂糖を入れる。"
"寒い","さむい","cold (in reference to weather)｜中文：寒冷（天气）｜例句：冬は寒いです。"
"さ来年","さらいねん","year after next｜中文：后年｜例句：さ来年留学する。"
"～さん","～さん","Mr. ~, Ms. ~｜中文：先生/小姐（敬称）｜例句：田中さんは先生です。"
"三","さん","three｜中文：三｜例句：三つの鞄がある。"
"散歩","さんぽ (する)","walk, stroll｜中文：散步｜例句：朝散歩する習慣がある。"
"四","し","four｜中文：四｜例句：四人で食事に行く。"
"～時","～じ","~ o'clock (time)｜中文：～点｜例句：七時に起きる。"
"塩","しお","salt｜中文：盐｜例句：料理に塩を少し入れる。"
"しかし","しかし","however; but｜中文：但是｜例句：高い、しかし美味しい。"
"時間","じかん","time｜中文：时间、小时｜例句：時間がないです。"
"～時間","～じかん","~ hours｜中文：～小时｜例句：二時間勉強した。"
"仕事","しごと","work, job, occupation, employment｜中文：工作｜例句：毎日仕事に行く。"
"辞書","じしょ","dictionary｜中文：词典｜例句：分からない単語を辞書で調べる。"
"静か","しずか","quiet, calm｜中文：安静｜例句：図書館は静かです。"
"下","した","under, below, beneath｜中文：下面｜例句：机の下に猫がいる。"
"七","しち","seven｜中文：七｜例句：七人の友達がいる。"
"質問","しつもん","question, inquiry｜中文：提问、问题｜例句：先生に質問する。"
"自転車","じてんしゃ","bicycle｜中文：自行车｜例句：自転車で学校へ行く。"
"自動車","じどうしゃ","automobile｜中文：汽车｜例句：父は自動車を持っている。"
"死ぬ","しぬ","to die｜中文：死亡｜例句：昔の犬は死んだ。"
"字引","じびき","dictionary｜中文：字典｜例句：字引を使って単語を調べる。"
"自分","じぶん","myself, oneself｜中文：自己｜例句：自分の鞄です。"
"閉まる","しまる","to close, to be closed｜中文：（自动）关闭｜例句：店は九時に閉まる。"
"閉める","しめる","to close, to shut｜中文：（他动）关上｜例句：窓を閉めてください。"
"締める","しめる","to tie, to fasten, to tighten｜中文：系紧、拧紧｜例句：靴ひもを締める。"
"じゃ; じゃあ","じゃ; じゃあ","well, well then｜中文：那么｜例句：じゃ、また明日。"
"写真","しゃしん","a picture; a photograph｜中文：照片｜例句：旅行で写真を撮る。"
"シャツ","シャツ","shirt｜中文：衬衫｜例句：白いシャツを着る。"
"シャワー","シャワー","shower｜中文：淋浴｜例句：毎晩シャワーを浴びる。"
"十","じゅう","ten｜中文：十｜例句：十人のクラスメイト。"
"～中","～じゅう","during, while｜中文：整个、之中｜例句：一日中家にいた。"
"～週間","～しゅうかん","~ weeks｜中文：～周｜例句：二週間休む。"
"授業","じゅぎょう","a class (of school)｜中文：课程｜例句：午前に日本語の授業がある。"
"宿題","しゅくだい","homework｜中文：作业｜例句：毎晩宿題をする。"
"上手","じょうず","be good at, skillful｜中文：擅长｜例句：ピアノが上手です。"
"丈夫","じょうぶ","strong, solid, durable｜中文：结实、健康｜例句：鞄が丈夫で長く使える。"
"醤油","しょうゆ","soy sauce｜中文：酱油｜例句：寿司に醤油をつける。"
"食堂","しょくどう","cafeteria, dining hall｜中文：食堂｜例句：学校の食堂で昼ご飯を食べる。"
"知る","しる","to know, to understand｜中文：知道、了解｜例句：道を知っています。"
"白","しろ","white｜中文：白色｜例句：白い紙を買った。"
"白い","しろい","white｜中文：白色的｜例句：雪は白い。"
"～人","～じん","counter for people｜中文：～人（国籍）｜例句：中国人です。"
"新聞","しんぶん","newspaper｜中文：报纸｜例句：朝新聞を読む。"
"水曜日","すいようび","Wednesday｜中文：周三｜例句：水曜日に図書館へ行く。"
"吸う","すう","to breathe in, to suck｜中文：吸、抽｜例句：タバコを吸わないで。"
"スカート","スカート","skirt｜中文：裙子｜例句：赤いスカートを着ている。"
"好き","すき","liking, fondness, love｜中文：喜欢｜例句：猫が好きです。"
"～すぎ","～すぎ","past; to exceed, ~ too much｜中文：过于｜例句：食べすぎてお腹が痛い。"
"少ない","すくない","a little; a few｜中文：少的｜例句：ここに人が少ない。"
"すぐに","すぐに","immediately, soon｜中文：立刻、马上｜例句：すぐに行きます。"
"少し","すこし","little, few｜中文：一点｜例句：少し水をください。"
"涼しい","すずしい","cool, refreshing (in reference to weather)｜中文：凉爽｜例句：秋は涼しいです。"
"～ずつ","～ずつ","at a time｜中文：各、每｜例句：一人に一つずつ配る。"
"ストーブ","ストーブ","heater (lit: stove)｜中文：暖炉、取暖器｜例句：冬にストーブをつける。"
"スプーン","スプーン","spoon｜中文：勺子｜例句：スプーンでスープを食べる。"
"スポーツ","スポーツ","sport(s)｜中文：运动｜例句：毎朝スポーツをする。"
"ズボン","ズボン","trousers｜中文：长裤｜例句：黒いズボンを履く。"
"住む","すむ","to reside, to live in｜中文：居住｜例句：東京に住んでいる。"
"する","する","to do, to try; to wear small items (e.g., necktie, watch, etc.)｜中文：做、干｜例句：勉強する。"
"座る","すわる","to sit｜中文：坐｜例句：椅子に座ってください。"
"背","せい","(one's) height, stature｜中文：身高｜例句：背が高いです。"
"生徒","せいと","student; pupil｜中文：中小学生｜例句：中学の生徒です。"
"セーター","セーター","sweater｜中文：毛衣｜例句：寒いのでセーターを着る。"
"石鹸","せっけん","soap｜中文：肥皂｜例句：石鹸で手を洗う。"
"背広","せびろ","men's suit｜中文：西装｜例句：仕事に背広を着る。"
"狭い","せまい","narrow; not spacious｜中文：狭窄｜例句：この部屋は狭い。"
"ゼロ","ゼロ","zero｜中文：零｜例句：ゼロ円です。"
"千","せん","thousand｜中文：千｜例句：千円の本を買った。"
"先月","せんげつ","last month｜中文：上个月｜例句：先月旅行に行った。"
"先週","せんしゅう","last week｜中文：上周｜例句：先週映画を見た。"
"先生","せんせい","teacher, professor; master; doctor｜中文：老师、医生｜例句：田中先生は親切です。"
"洗濯","せんたく","washing, laundry｜中文：洗衣｜例句：毎晩洗濯をする。"
"全部","ぜんぶ","all, entire, whole｜中文：全部｜例句：全部食べました。"
"そう; そうです","そう; そうです","yes; appears, to be the case｜中文：是的、是这样｜例句：そうです、私は学生です。"
"掃除","そうじ (する)","cleaning, sweeping｜中文：打扫｜例句：部屋の掃除をする。"
"そうして; そして","そうして; そして","and, like that｜中文：然后、并且｜例句：朝ご飯を食べ、そして学校へ行く。"
"そこ","そこ","that place, there; bottom, sole｜中文：那里（中指）｜例句：そこに机がある。"
"そちら","そちら","over there｜中文：那边（礼貌中指）｜例句：そちらへ行きます。"
"そっち","そっち","over there｜中文：那边（口语中指）｜例句：そっちに鞄がある。"
"外","そと","outside, exterior｜中文：外面｜例句：外は雨が降っている。"
"その","その","that｜中文：那个（连体中指）｜例句：そのペンは私のです。"
"そば","そば","near, close, beside; Japanese traditional buckwheat noodle｜中文：旁边、荞麦面｜例句：私のそばに座って。"
"空","そら","sky｜中文：天空｜例句：空が青いです。"
"それ","それ","that one｜中文：那个（中指代词）｜例句：それをください。"
"それから","それから","and then, after that｜中文：然后、接下来｜例句：買い物、それから映画を見る。"
"それでは","それでは","in that situation, well then...｜中文：那样的话｜例句：それでは失礼します。"
"～台","～だい","counter for vehicles; machines｜中文：台（车/机器）｜例句：車を一台買う。"
"大学","だいがく","college; university｜中文：大学｜例句：来年大学に入る。"
"大使館","たいしかん","embassy｜中文：大使馆｜例句：外国の大使館がある。"
"大丈夫","だいじょうぶ","It's ok (all right); No need to worry; Everything is under control｜中文：没关系、安全｜例句：大丈夫、怪我はない。"
"大好き","だいすき","very like-able, like very much｜中文：非常喜欢｜例句：猫が大好きです。"
"大切","たいせつ","important｜中文：重要、珍贵｜例句：家族は大切です。"
"台所","だいどころ","kitchen｜中文：厨房｜例句：台所で料理を作る。"
"大変","たいへん","very; difficult, hard｜中文：非常、辛苦｜例句：試験は大変難しかった。"
"高い","たかい","tall, high; expensive｜中文：高、贵｜例句：この鞄は高い。"
"～だけ","～だけ","only ~, just ~, as ~｜中文：只、仅仅｜例句：一人だけ来た。"
"沢山","たくさん","many, much｜中文：很多｜例句：沢山の果物がある。"
"タクシー","タクシー","taxi｜中文：出租车｜例句：タクシーで駅へ行く。"
"出す","だす","to take (something) out; to hand in (something)｜中文：拿出、提交｜例句：ノートを出す。"
"～たち","～たち","plural suffix｜中文：们（人）｜例句：友達たちと遊ぶ。"
"立つ","たつ","to stand up｜中文：站立｜例句：道に立って待つ。"
"たて","たて","length, height｜中文：长度、高度｜例句：たて五十センチ。"
"建物","たてもの","building｜中文：建筑物｜例句：大きな建物が駅の前にある。"
"楽しい","たのしい","enjoyable, fun｜中文：开心、有趣｜例句：旅行は楽しいです。"
"頼む","たのむ","to request, to ask (a favor)｜中文：拜托、请求｜例句：手伝って頼む。"
"たばこ","たばこ","tobacco, cigarettes｜中文：香烟｜例句：ここでたばこを吸ってはいけません。"
"多分","たぶん","perhaps, probably, maybe｜中文：大概、也许｜例句：多分明日晴れる。"
"食べ物","たべもの","food｜中文：食物｜例句：美味しい食べ物が好き。"
"食べる","たべる","to eat｜中文：吃｜例句：毎日三回食べる。"
"卵","たまご","egg｜中文：鸡蛋｜例句：朝卵を食べる。"
"誰","だれ","who｜中文：谁｜例句：あの人は誰ですか。"
"誰か","だれか","someone｜中文：某人｜例句：誰かドアを叩いた。"
"誕生日","たんじょうび","birthday｜中文：生日｜例句：明日私の誕生日です。"
"段々","だんだん","gradually, by degrees｜中文：渐渐｜例句：段々日本語が上手になる。"
"小さい","ちいさい","small, little｜中文：小的｜例句：小さい犬が可愛い。"
"小さな","ちいさな","small, little｜中文：小小的（连体）｜例句：小さな花が咲いている。"
"近い","ちかい","near, close by, short｜中文：近的｜例句：家は駅に近い。"
"違う","ちがう","to be different; to differ; wrong｜中文：不同、错｜例句：答えが違うです。"
"近く","ちかく","nearby; in the neighborhood｜中文：附近｜例句：家の近くに公園がある。"
"地下鉄","ちかてつ","underground train, subway｜中文：地铁｜例句：地下鉄で通勤する。"
"地図","ちず","a map｜中文：地图｜例句：地図を見て道を探す。"
"父","ちち","(my) father｜中文：（自谦）我父亲｜例句：父は医者です。"
"茶色","ちゃいろ","brown｜中文：棕色｜例句：茶色の鞄を持っている。"
"茶碗","ちゃわん","rice bowl｜中文：饭碗｜例句：茶碗にご飯を入れる。"
"～中","～ちゅう","during, while ~ing｜中文：正在｜例句：授業中は話さない。"
"丁度","ちょうど","just, right, exactly｜中文：正好｜例句：丁度三時に着いた。"
"ちょっと","ちょっと","a little, somewhat; just a little, somewhat｜中文：稍微、一点｜例句：ちょっと待ってください。"
"一日","ついたち","one day; first day of the month｜中文：一号、一日｜例句：一日に遠足がある。"
"使う","つかう","to use｜中文：使用｜例句：ペンを使って書く。"
"疲れる","つかれる","to get (become) tired; to become fatigued｜中文：疲惫｜例句：一日働いて疲れた。"
"次","つぎ","next｜中文：下一个｜例句：次の駅で降ります。"
"着く","つく","to arrive at, to reach｜中文：到达｜例句：九時に駅に着く。"
"机","つくえ","desk｜中文：书桌｜例句：机の上に本がある。"
"作る","つくる","to make, to create｜中文：制作｜例句：ケーキを作る。"
"つける","つける","to turn on (e.g., a light); to take｜中文：打开、佩戴｜例句：電気をつける。"
"勤める","つとめる","to work (for)｜中文：任职、上班｜例句：会社に勤めている。"
"つまらない","つまらない","boring, dull; insignificant｜中文：无聊｜例句：この映画はつまらない。"
"冷たい","つめたい","cold (things, people)｜中文：冰凉（物体/人态度）｜例句：水が冷たい。"
"強い","つよい","strong, powerful｜中文：强壮、强烈｜例句：この子は体が強い。"
"手","て","hand｜中文：手｜例句：手が汚れた。"
"テープ","テープ","tape｜中文：胶带、磁带｜例句：テープで紙を貼る。"
"テープレコーダー","テープレコーダー","tape recorder｜中文：录音机｜例句：昔テープレコーダーを使った。"
"テーブル","テーブル","table｜中文：桌子｜例句：テーブルに果物を置く。"
"出かける","でかける","to go out; to depart｜中文：出门｜例句：夕方出かける。"
"手紙","てがみ","letter｜中文：信｜例句：友達に手紙を書く。"
"できる","できる","to be able to (to accomplish)｜中文：能够、做好｜例句：日本語ができます。"
"出口","でぐち","an exit｜中文：出口｜例句：出口はあちらです。"
"テスト","テスト","test｜中文：考试、测验｜例句：明日日本語テストがある。"
"では","では","then, well, so｜中文：那么｜例句：では、始めましょう。"
"デパート","デパート","(abbr.) department store｜中文：百货商场｜例句：休日デパートへ行く。"
"でも","でも","but, however｜中文：但是｜例句：高い、でも美味しい。"
"出る","でる","to appear, to leave｜中文：出来、外出｜例句：部屋から出る。"
"テレビ","テレビ","television, TV｜中文：电视｜例句：毎晩テレビを見る。"
"天気","てんき","weather｜中文：天气｜例句：今日の天気は晴れです。"
"電気","でんき","electricity, (electric) light｜中文：电、电灯｜例句：部屋の電気をつける。"
"電車","でんしゃ","electric train｜中文：电车｜例句：電車で学校へ行く。"
"電話","でんわ","a telephone｜中文：电话｜例句：友達に電話をかける。"
"戸","と","door (Japanese style)｜中文：日式门｜例句：戸を開けてください。"
"～度","～ど","counter for occurrences; ~ degree; ~ point｜中文：次、度｜例句：一日三度薬を飲む。"
"ドア","ドア","door (Western style)｜中文：西式门｜例句：ドアの前に立つ。"
"トイレ","トイレ","bathroom; toilet｜中文：厕所｜例句：トイレはどこですか。"
"どう","どう","how, in what way｜中文：怎么样、如何｜例句：この鞄はどうですか。"
"どうして","どうして","why, for what reason｜中文：为什么｜例句：どうして遅れましたか。"
"どうぞ","どうぞ","please, kindly, by all means｜中文：请｜例句：どうぞお入りください。"
"動物","どうぶつ","animal｜中文：动物｜例句：動物園へ行きたい。"
"どうも","どうも","Thank you; somehow; no matter how hard one may try｜中文：多谢、总觉得｜例句：どうもありがとう。"
"十","(〜を) とお","ten (~)｜中文：十｜例句：りんごを十個買う。"
"遠い","とおい","far (away), distant｜中文：遥远｜例句：家は駅から遠い。"
"十日","とおか","ten days; tenth day of the month｜中文：十天、十号｜例句：十日に旅行に行く。"
"～時","～とき","at the time of ~｜中文：～的时候｜例句：子供のとき海が好きだった。"
"時々","ときどき","sometimes｜中文：有时｜例句：時々公園へ散歩に行く。"
"時計","とけい","a watch; a clock｜中文：钟表｜例句：時計は壁に掛けてある。"
"どこ","どこ","where, what place｜中文：哪里｜例句：どこへ行きますか。"
"所","ところ","place｜中文：地方｜例句：いい所です。"
"年","とし","year, age｜中文：年、年龄｜例句：今年二十歳の年です。"
"図書館","としょかん","library｜中文：图书馆｜例句：毎週図書館で勉強する。"
"どちら","どちら","which (one) (way); where (polite)｜中文：哪边、哪位（礼貌）｜例句：どちらが先生ですか。"
"どっち","どっち","which one, which way｜中文：哪边（口语）｜例句：どっちの鞄があなたのですか。"
"とても","とても","very (much), greatly, exceedingly｜中文：非常｜例句：とても美味しいです。"
"どなた","どなた","who｜中文：哪位（礼貌）｜例句：どなたが田中さんですか。"
"隣","となり","next to, next door to｜中文：旁边、隔壁｜例句：隣の部屋は静か。"
"どの","どの","which｜中文：哪个（连体）｜例句：どの本を読みますか。"
"飛ぶ","とぶ","to fly, to hop｜中文：飞、跳｜例句：鳥が空を飛ぶ。"
"止まる","とまる","to come to a halt｜中文：停下、停靠｜例句：バスが駅に止まる。"
"友達","ともだち","friend｜中文：朋友｜例句：友達と遊ぶ。"
"土曜日","どようび","Saturday｜中文：周六｜例句：土曜日に買い物に行く。"
"鳥","とり","chicken (literally bird)｜中文：鸟、鸡｜例句：庭に鳥がいる。"
"鶏肉","とりにく","chicken meat｜中文：鸡肉｜例句：鶏肉を焼く。"
"取る","とる","to take (a class); to get (a grade)｜中文：拿、取得｜例句：授業を取る。"
"撮る","とる","to take (a photo), to make (a film)｜中文：拍摄｜例句：旅行で写真を撮る。"
"どれ","どれ","which one｜中文：哪个（代词）｜例句：どれがあなたの鞄ですか。"
"どんな","どんな","what, what kind of｜中文：什么样的｜例句：どんな本が好きですか。"
"ない","ない","there isn't, doesn't have｜中文：没有｜例句：ここに本がない。"
"ナイフ","ナイフ","knife｜中文：小刀｜例句：ナイフで果物を切る。"
"中","なか","inside, middle, among｜中文：里面｜例句：箱の中にペンがある。"
"長い","ながい","long, lengthy｜中文：长的｜例句：長い道を歩く。"
"鳴く","なく","to make sound (animal)｜中文：（动物）鸣叫｜例句：鳥が鳴いている。"
"無くす","なくす","to lose something｜中文：丢失｜例句：傘を無くした。"
"なぜ","なぜ","why (same as どうして)｜中文：为什么｜例句：なぜ遅れたのですか。"
"夏","なつ","summer｜中文：夏天｜例句：夏に海へ行きたい。"
"夏休み","なつやすみ","summer vacation｜中文：暑假｜例句：夏休みに故郷へ帰る。"
"～など","～など","et cetera｜中文：等等｜例句：りんごやバナナなど果物を買った。"
"七つ","ななつ","seven things｜中文：七个｜例句：みかんを七つください。"
"何","なん; なに","what｜中文：什么｜例句：何を食べますか。"
"七日","なのか","seven days; seventh day (of the month)｜中文：七天、七号｜例句：七日に遠足がある。"
"名前","なまえ","name｜中文：名字｜例句：名前は田中です。"
"習う","ならう","to learn｜中文：学习、练习｜例句：日本語を習う。"
"並ぶ","ならぶ","to line up, to stand in a line (v.i.)｜中文：排队（自动）｜例句：駅に人が並んでいる。"
"並べる","ならべる","to put (things) side by side; to line up｜中文：排列、摆放｜例句：本を机に並べる。"
"なる","なる","to become｜中文：变成、成为｜例句：医者になりたい。"
"何～","なん～","what sort of ~｜中文：什么样的｜例句：何色の鞄が好きですか。"
"二","に","two｜中文：二｜例句：二冊の本を買った。"
"にぎやか","にぎやか","bustling, busy｜中文：热闹的｜例句：商店街はにぎやかだ。"
"肉","にく","meat｜中文：肉｜例句：牛肉を食べる。"
"西","にし","west｜中文：西边｜例句：西に山がある。"
"～日","～にち","~ day of the month, for ~ days｜中文：～号、～天｜例句：三日に会う。"
"日曜日","にちようび","Sunday｜中文：周日｜例句：日曜日に公園へ行く。"
"荷物","にもつ","luggage; baggage｜中文：行李｜例句：荷物を車に載せる。"
"ニュース","ニュース","news｜中文：新闻｜例句：朝ニュースを見る。"
"庭","にわ","garden｜中文：院子｜例句：庭に花が咲く。"
"～人","～にん","counter for people｜中文：～名（人）｜例句：三人の友達。"
"脱ぐ","ぬぐ","to take off (clothes)｜中文：脱（衣物）｜例句：靴を脱ぐ。"
"温い","ぬるい","lukewarm｜中文：温吞、不烫｜例句：お湯がぬるい。"
"ネクタイ","ネクタイ","tie, necktie｜中文：领带｜例句：スーツにネクタイを締める。"
"猫","ねこ","cat｜中文：猫｜例句：家に猫がいる。"
"寝る","ねる","to sleep; to go to sleep; to go to bed｜中文：睡觉｜例句：夜十一時に寝る。"
"～年","～ねん","~ years｜中文：～年｜例句：三年日本に住んだ。"
"ノート","ノート","notebook｜中文：笔记本｜例句：ノートに単語を書く。"
"登る","のぼる","to climb｜中文：攀登｜例句：山に登る。"
"飲み物","のみもの","drink, beverage｜中文：饮品｜例句：冷たい飲み物が欲しい。"
"飲む","のむ","to drink｜中文：喝｜例句：水を飲む。"
"乗る","のる","to get on, to ride in, to board｜中文：乘坐｜例句：電車に乗る。"
"歯","は","tooth｜中文：牙齿｜例句：毎朝歯を磨く。"
"パーティー","パーティー","a party｜中文：派对｜例句：誕生日パーティーを開く。"
"はい","はい","yes｜中文：是、好的｜例句：はい、分かりました。"
"～杯","～はい","counter for cupfuls｜中文：～杯｜例句：コップ一杯の水。"
"灰皿","はいざら","ashtray｜中文：烟灰缸｜例句：灰皿にタバコの灰を捨てる。"
"入る","はいる","to enter, to contain, to hold｜中文：进入、放入｜例句：部屋に入る。"
"葉書","はがき","postcard｜中文：明信片｜例句：友達に葉書を出す。"
"はく","to put on (items below your waist)｜中文：穿（下装/鞋）｜例句：靴をはく。"
"箱","はこ","box｜中文：箱子｜例句：おもちゃを箱に入れる。"
"橋","はし","bridge｜中文：桥｜例句：川に橋がある。"
"箸","はし","chopsticks｜中文：筷子｜例句：箸でご飯を食べる。"
"始まる","はじまる","(something) begins｜中文：开始（自动）｜例句：授業が九時に始まる。"
"初め; 始め","はじめ","beginning, start｜中文：最初、开端｜例句：物語の初め。"
"初めて","はじめて","for the first time｜中文：第一次｜例句：初めて東京へ行く。"
"走る","はしる","to run｜中文：跑｜例句：公園を走る。"
"バス","バス","bus; bath; bass｜中文：公交车｜例句：バスで学校へ行く。"
"バター","バター","butter｜中文：黄油｜例句：パンにバターを塗る。"
"二十歳","はたち","20 years old｜中文：二十岁｜例句：今年二十歳になる。"
"働く","はたらく","to work｜中文：工作｜例句：毎日会社で働く。"
"八","はち","eight｜中文：八｜例句：八個のりんご。"
"二十日","はつか","twenty days, twentieth (day of the month)｜中文：二十天、二十号｜例句：二十日に休暇になる。"
"花","はな","flower｜中文：花｜例句：春に花が咲く。"
"鼻","はな","nose｜中文：鼻子｜例句：鼻が高い。"
"話","はなし","talk (chat), story｜中文：话、故事｜例句：楽しい話を聞く。"
"話す","はなす","to speak｜中文：说话｜例句：日本語で話す。"
"母","はは","(my) mother｜中文：家母（自谦）｜例句：母は料理が上手。"
"早い","はやい","early｜中文：早的｜例句：朝早く起きる。"
"速い","はやい","fast, quick｜中文：速度快｜例句：電車が速い。"
"春","はる","spring｜中文：春天｜例句：春に桜が咲く。"
"貼る","はる","to post; to paste; to attach｜中文：张贴｜例句：壁に写真を貼る。"
"晴れ","はれ","clear (sunny) weather｜中文：晴天｜例句：今日は晴れです。"
"晴れる","はれる","to be sunny｜中文：放晴｜例句：午後晴れる。"
"半","はん","half (e.g., にじはん | half-past two)｜中文：一半、半～｜例句：三時半。"
"晩","ばん","evening｜中文：夜晚｜例句：晩ご飯を食べる。"
"～番","～ばん","~st; ~th best｜中文：第～名｜例句：一番好きな食べ物。"
"パン","パン","bread｜中文：面包｜例句：朝パンを食べる。"
"ハンカチ","ハンカチ","handkerchief｜中文：手帕｜例句：ハンカチで汗を拭く。"
"番号","ばんごう","number, series of digits｜中文：号码｜例句：電話番号を教える。"
"晩御飯","ばんごはん","dinner, evening meal｜中文：晚饭｜例句：家族と晩御飯を食べる。"
"半分","はんぶん","half｜中文：一半｜例句：りんごを半分に切る。"
"東","ひがし","east｜中文：东边｜例句：東に駅がある。"
"～匹","～ひき","counter for small animals｜中文：～只（小动物）｜例句：猫二匹。"
"引く","ひく","to pull, to draw; subtract｜中文：拉、减｜例句：カーテンを引く。"
"弾く","ひく","to play (a string instrument or piano)｜中文：弹奏｜例句：ピアノを弾く。"
"低い","ひくい","short, low｜中文：低矮、声音小｜例句：背が低い。"
"飛行機","ひこうき","airplane｜中文：飞机｜例句：飛行機で北京へ行く。"
"左","ひだり","left hand side｜中文：左边｜例句：左に公園がある。"
"人","ひと","man, person｜中文：人｜例句：多くの人がいる。"
"一つ","ひとつ","one thing｜中文：一个｜例句：一つだけください。"
"一月","ひとつき","one month｜中文：一个月｜例句：一月休む。"
"一人","ひとり","one person｜中文：一个人｜例句：一人で行く。"
"暇","ひま","free time, leisure｜中文：空闲｜例句：暇なら映画に行こう。"
"百","ひゃく","hundred｜中文：百｜例句：百円切手。"
"病院","びょういん","hospital｜中文：医院｜例句：体調悪いので病院へ。"
"病気","びょうき","illness; sickness｜中文：生病｜例句：風邪という病気。"
"平仮名","ひらがな","hiragana｜中文：平假名｜例句：日本語は平仮名を使う。"
"昼","ひる","noon, daytime｜中文：白天、中午｜例句：昼は十二時。"
"昼御飯","ひるごはん","lunch, midday meal｜中文：午饭｜例句：昼御飯はカレー。"
"広い","ひろい","spacious; wide; broad｜中文：宽敞、宽阔｜例句：広い部屋に住む。"
"フィルム","フィルム","film (roll of)｜中文：胶卷｜例句：カメラのフィルムを交換。"
"封筒","ふうとう","envelope｜中文：信封｜例句：手紙を封筒に入れる。"
"プール","プール","swimming pool｜中文：泳池｜例句：夏プールへ行く。"
"フォーク","フォーク","fork｜中文：叉子｜例句：ステーキにフォークを使う。"
"吹く","ふく","to blow (wind, etc.)｜中文：吹｜例句：風が吹く。"
"服","ふく","clothes｜中文：衣服｜例句：服を買いに行く。"
"二つ","ふたつ","two things｜中文：两个｜例句：二つの鞄。"
"豚肉","ぶたにく","pork｜中文：猪肉｜例句：豚肉炒めを作る。"
"二人","ふたり","two people｜中文：两个人｜例句：二人で散歩。"
"二日","ふつか","two days; second day of the month｜中文：两天、二号｜例句：二日に出発。"
"太い","ふとい","fat, thick｜中文：粗、胖｜例句：太い木。"
"冬","ふゆ","winter｜中文：冬天｜例句：冬は雪が降る。"
"降る","ふる","to precipitate, to fall (e.g., rain, snow, etc.)｜中文：下（雨雪）｜例句：雨が降っている。"
"古い","ふるい","old (in reference to objects, not people), aged, ancient｜中文：旧的、古老｜例句：古い時計。"
"～分","～ふん","~ minutes｜中文：～分钟｜例句：五分待つ。"
"文章","ぶんしょう","sentence, text｜中文：文章｜例句：日本語の文章を書く。"
"ページ","ページ","a page｜中文：页码、页｜例句：十ページを開く。"
"下手","へた","unskillful, poor｜中文：不擅长｜例句：絵が下手です。"
"ベッド","ベッド","bed｜中文：床｜例句：ベッドで寝る。"
"ペット","ペット","pet｜中文：宠物｜例句：ペットの犬。"
"部屋","へや","a room｜中文：房间｜例句：私の部屋は二階。"
"辺","へん","area, vicinity｜中文：附近、一带｜例句：この辺に店がある。"
"ペン","ペン","pen｜中文：钢笔｜例句：ペンで名前を書く。"
"勉強","べんきょう (する)","study｜中文：学习｜例句：毎晩勉強する。"
"便利","べんり","convenient, handy｜中文：方便｜例句：駅に近くて便利。"
"帽子","ぼうし","hat; cap｜中文：帽子｜例句：夏帽子をかぶる。"
"ボールペン","ボールペン","ball-point pen｜中文：圆珠笔｜例句：ボールペンを持つ。"
"外","ほか","other, the rest｜中文：其他｜例句：ほかの果物はりんご。"
"ポケット","ポケット","pocket｜中文：口袋｜例句：ポケットに鍵を入れる。"
"欲しい","ほしい","to want, in need of｜中文：想要｜例句：新しい鞄が欲しい。"
"ポスト","ポスト","mailbox; post, position｜中文：邮筒｜例句：手紙をポストに入れる。"
"細い","ほそい","thin, slender, fine｜中文：细、瘦｜例句：細い鉛筆。"
"ボタン","ボタン","button｜中文：纽扣、按钮｜例句：シャツのボタン。"
"ホテル","ホテル","hotel｜中文：酒店｜例句：旅行でホテルに泊まる。"
"本","ほん","book｜中文：书｜例句：図書館で本を読む。"
"～本","～ほん","counter for long cylindrical things｜中文：～根/支/条｜例句：鉛筆三本。"
"本棚","ほんだな","bookshelf｜中文：书架｜例句：本棚に辞書がある。"
"本当","ほんとう","real, true｜中文：真的｜例句：本当ですか。"
"～枚","～まい","counter for flat things｜中文：～张｜例句：紙一枚。"
"毎朝","まいあさ","every morning｜中文：每天早上｜例句：毎朝七時起きる。"
"毎月","まいげつ; まいつき","every month, monthly｜中文：每个月｜例句：毎月旅行に行く。"
"毎週","まいしゅう","every week｜中文：每周｜例句：毎週土曜買い物。"
"毎日","まいにち","every day｜中文：每天｜例句：毎日散歩する。"
"毎年","まいねん; まいとし","every year, yearly｜中文：每年｜例句：毎年夏海へ。"
"毎晩","まいばん","every night｜中文：每晚｜例句：毎晩シャワーを浴びる。"
"前","まえ","before, in front｜中文：前面、之前｜例句：家の前に木。"
"～前","～まえ","in front of ~｜中文：～前面｜例句：駅の前で待つ。"
"曲る","まがる","to turn, to bend｜中文：转弯｜例句：道を左に曲る。"
"まずい","まずい","terrible (in reference to food), unappetizing, unpleasant (taste)｜中文：难吃｜例句：このラーメンはまずい。"
"また","また","and; furthermore｜中文：又、再｜例句：また明日来る。"
"まだ","まだ","yet, still, besides｜中文：还｜例句：まだ食べていない。"
"町","まち","town; city｜中文：小镇、街道｜例句：町の中心に公園。"
"待つ","まつ","to wait｜中文：等待｜例句：友達を待つ。"
"まっすぐ","まっすぐ","straight (ahead), direct｜中文：笔直｜例句：まっすぐ進む。"
"マッチ","マッチ","match｜中文：火柴｜例句：マッチで火をつける。"
"窓","まど","window｜中文：窗户｜例句：窓を開ける。"
"丸い; 円い","まるい","round, circular｜中文：圆形的｜例句：丸いテーブル。"
"万","まん","ten thousand｜中文：万｜例句：一万円。"
"万年筆","まんねんひつ","fountain pen｜中文：钢笔｜例句：万年筆で字を書く。"
"磨く","みがく","to brush (teeth); to polish｜中文：刷、打磨｜例句：歯を磨く。"
"右","みぎ","right hand side｜中文：右边｜例句：右に銀行がある。"
"短い","みじかい","short (length)｜中文：短的｜例句：短い鉛筆。"
"水","みず","water｜中文：水｜例句：水を一杯ください。"
"店","みせ","store, shop｜中文：店铺｜例句：駅近くの店。"
"見せる","みせる","to show, to display｜中文：展示、给……看｜例句：写真を見せる。"
"道","みち","road, street; way, directions｜中文：道路｜例句：道をまっすぐ行く。"
"三日","みっか","three days, third day of the month｜中文：三天、三号｜例句：三日に遠足。"
"三つ","みっつ","three things｜中文：三个｜例句：三つのりんご。"
"緑","みどり","green｜中文：绿色｜例句：緑の葉。"
"皆さん","みなさん","all of you, everyone｜中文：各位｜例句：皆さん、こんにちは。"
"南","みなみ","South｜中文：南边｜例句：南へ行くと海。"
"耳","みみ","ear｜中文：耳朵｜例句：耳が遠い。"
"見る","みる","to see, to look｜中文：看｜例句：テレビを見る。"
"みんな","みんな","all, everyone｜中文：大家｜例句：みんなで行こう。"
"六日","むいか","six days; sixth day of month｜中文：六天、六号｜例句：六日に休む。"
"向こう","むこう","beyond, over there｜中文：对面、那边｜例句：向こうの建物は学校。"
"難しい","むずかしい","difficult｜中文：难的｜例句：日本語が難しい。"
"六つ","むっつ","six things｜中文：六个｜例句：六つのみかん。"
"村","むら","village｜中文：村子｜例句：田舎の村。"
"目","め","eye(s)｜中文：眼睛｜例句：目が大きい。"
"メートル","メートル","meter｜中文：米｜例句：百メートル走。"
"眼鏡","めがね","eye glasses｜中文：眼镜｜例句：眼鏡をかける。"
"もう","もう","already; again; more｜中文：已经、再｜例句：もう遅い。"
"木曜日","もくようび","Thursday｜中文：周四｜例句：木曜日本語授業。"
"もしもし","もしもし","Hello? (used on the phone)｜中文：喂（电话）｜例句：もしもし、田中さん？"
"持つ","もつ","to hold, to carry; to possess｜中文：拿着、拥有｜例句：鞄を持つ。"
"もっと","もっと","more｜中文：更加｜例句：もっと食べたい。"
"物","もの","thing (concrete object)｜中文：物品｜例句：美味しい物。"
"門","もん","gate｜中文：大门｜例句：家の門。"
"問題","もんだい","a problem｜中文：问题｜例句：試験の問題。"
"～屋","～や","~ shop｜中文：～店｜例句：八百屋。"
"八百屋","やおや","greengrocer｜中文：蔬菜水果店｜例句：八百屋で野菜を買う。"
"野菜","やさい","vegetable｜中文：蔬菜｜例句：毎日野菜を食べる。"
"易しい","やさしい","easy, plain, simple｜中文：简单、容易｜例句：易しい単語。"
"安い","やすい","inexpensive; cheap (things)｜中文：便宜｜例句：安い鞄。"
"休み","やすみ","holiday; day off; absence｜中文：休息日、假期｜例句：明日休み。"
"休む","やすむ","to rest, to have a break, to get time off｜中文：休息、请假｜例句：体調悪いので休む。"
"八つ","やっつ","eight things｜中文：八个｜例句：八つの桃。"
"山","やま","mountain｜中文：山｜例句：山へ登る。"
"やる","やる","to do; to give (to pets, parents, siblings, etc.)｜中文：做、给｜例句：宿題をやる。"
"夕方","ゆうがた","late afternoon (typically just before dinner time), evening｜中文：傍晚｜例句：夕方散歩。"
"夕飯","ゆうはん","dinner, supper, evening meal｜中文：晚饭｜例句：七時に夕飯。"
"郵便局","ゆうびんきょく","post office｜中文：邮局｜例句：郵便局で手紙を出す。"
"昨夜","ゆうべ","last night｜中文：昨晚｜例句：昨夜映画を見た。"
"有名","ゆうめい","famous｜中文：有名的｜例句：有名な俳優。"
"雪","ゆき","snow｜中文：雪｜例句：冬雪が降る。"
"ゆっくりと","ゆっくりと","slowly, at ease｜中文：慢慢｜例句：ゆっくり話す。"
"八日","ようか","eight days; eighth day of the month｜中文：八天、八号｜例句：八日に旅行。"
"洋服","ようふく","Western-style clothes｜中文：西式服装｜例句：洋服を着る。"
"よく","よく","frequently, often (much); well, skillfully｜中文：经常、擅长｜例句：よく図書館へ。"
"横","よこ","beside; side; width｜中文：横向、旁边｜例句：机の横。"
"四日","よっか","four days; fourth day of the month｜中文：四天、四号｜例句：四日に会う。"
"四つ","よっつ","four things｜中文：四个｜例句：四つのりんご。"
"呼ぶ","よぶ","to call (one's name); to invite｜中文：呼叫、邀请｜例句：名前を呼ぶ。"
"読む","よむ","to read｜中文：阅读｜例句：本を読む。"
"夜","よる","evening, night｜中文：夜晚｜例句：夜は静か。"
"弱い","よわい","weak｜中文：虚弱、薄弱｜例句：体が弱い。"
"来月","らいげつ","next month｜中文：下个月｜例句：来月故郷へ。"
"来週","らいしゅう","next week｜中文：下周｜例句：来週パーティー。"
"来年","らいねん","next year｜中文：明年｜例句：来年留学。"
"ラジオ","ラジオ","radio｜中文：收音机｜例句：ラジオを聞く。"
"ラジオカセ","ラジオカセ","radio cassette player｜中文：卡式收录机｜例句：昔ラジオカセを使った。"
"りっぱ","りっぱ","splendid, fine｜中文：气派、优秀｜例句：りっぱな建物。"
"留学生","りゅうがくせい","international student｜中文：留学生｜例句：日本の留学生。"
"両親","りょうしん","parents (lit., both parents)｜中文：父母双亲｜例句：両親と住む。"
"料理","りょうり","cooking; cuisine｜中文：料理、做菜｜例句：日本料理。"
"旅行","りょこう","travel, trip｜中文：旅行｜例句：夏旅行に行く。"
"零","れい","zero, nought｜中文：零｜例句：零円。"
"冷蔵庫","れいぞうこ","refrigerator｜中文：冰箱｜例句：冷蔵庫に牛乳。"
"レコード","レコード","record｜中文：唱片｜例句：レコードを聴く。"
"レストラン","レストラン","restaurant｜中文：餐厅｜例句：レストランで食事。"
"練習","れんしゅう (する)","(to) practice｜中文：练习｜例句：単語を練習。"
"廊下","ろうか","corridor｜中文：走廊｜例句：廊下を歩く。"
"六","ろく","six｜中文：六｜例句：六人の友達。"
"ワイシャツ","ワイシャツ","shirt (lit: white shirt), business shirt｜中文：衬衫｜例句：ワイシャツを着る。"
"若い","わかい","young｜中文：年轻｜例句：若い学生。"
"分かる","わかる","to understand｜中文：明白、懂｜例句：日本語が分かる。"
"忘れる","わすれる","to forget｜中文：忘记｜例句：鍵を忘れた。"
"私","わたし","I, myself｜中文：我（普通）｜例句：私は学生です。"
"私","わたくし","I (formal), myself, private affairs｜中文：我（郑重）｜例句：わたくしは田中と申す。"
"渡す","わたす","to hand (something) over (v.t.); to get across｜中文：递、转交｜例句：本を友達に渡す。"
"渡る","わたる","to cross over, to go across｜中文：横渡｜例句：川を渡る。"
"悪い","わるい","bad, sinful; inferior｜中文：坏、不好｜例句：悪い天気。"